university,year,rank,state,Topic_0,Topic_1,Topic_2,Topic_3,Topic_4,Topic_5,Topic_6,Topic_7,Topic_8,Topic_9
Princeton University,2026,1.0,NJ,0.0,0.0,0.0,0.0,0.0,0.4668678939342499,0.416803777217865,0.0,0.11498997360467911,0.0
Massachusetts Institute of Technology,2025,2.0,MA,0.0,0.0,0.0,0.0,0.0,0.09165757149457932,0.6328970789909363,0.0,0.15200521051883698,0.12222018092870712
Harvard University,2026,3.0,MA,0.0,0.0,0.0,0.0,0.0,0.0,0.0,0.0,0.9960644841194153,0.0
Stanford University,2023,3.0,CA,0.0,0.0,0.0,0.0,0.30000466108322144,0.21720409393310547,0.2959376275539398,0.0,0.1852358728647232,0.0
Yale University,2023,3.0,CT,0.0,0.0,0.0,0.0,0.0,0.06822069734334946,0.0,0.0,0.9295951724052429,0.0
University of Chicago,2026,6.0,IL,0.0,0.0,0.0,0.0,0.0,0.07643797993659973,0.9228190183639526,0.0,0.0,0.0
Northwestern University,2026,7.0,IL,0.2067956179380417,0.2030917853116989,0.0,0.0,0.589177131652832,0.0,0.0,0.0,0.0,0.0
University of Pennsylvania,2026,7.0,PA,0.0,0.0,0.0,0.25028422474861145,0.0,0.0,0.3655961751937866,0.0,0.0,0.38060933351516724
California Institute of Technology,2025,6.0,CA,0.20493364334106445,0.0,0.0,0.0,0.14817099273204803,0.2101420909166336,0.17171841859817505,0.0,0.1965787410736084,0.06777797639369965
Dartmouth College,2025,15.0,NH,0.6835582852363586,0.08878562599420547,0.0,0.2262735515832901,0.0,0.0,0.0,0.0,0.0,0.0
Columbia University,2025,13.0,NY,0.0,0.0,0.0,0.0,0.0,0.0,0.0,0.0,0.9993851780891418,0.0
University of California Berkeley,2025,17.0,CA,0.0,0.0,0.0,0.0,0.0,0.0,0.9985418319702148,0.0,0.0,0.0
University of California Los Angeles,2026,17.0,CA,0.0,0.9975359439849854,0.0,0.0,0.0,0.0,0.0,0.0,0.0,0.0
Rice University,2024,17.0,TX,0.0,0.0,0.0,0.0,0.0,0.0,0.0,0.9980514049530029,0.0,0.0
Vanderbilt University,2024,18.0,TN,0.0,0.0,0.0,0.22192564606666565,0.0,0.7731418609619141,0.0,0.0,0.0,0.0
University of Notre Dame,2026,20.0,IN,0.0,0.0,0.0,0.060874294489622116,0.0,0.22938773036003113,0.3088672161102295,0.0,0.4000055193901062,0.0
Carnegie Mellon University,2026,20.0,PA,0.0,0.0,0.9985158443450928,0.0,0.0,0.0,0.0,0.0,0.0,0.0
University of Michigan Ann Arbor,2026,20.0,MI,0.5599924921989441,0.0,0.43870458006858826,0.0,0.0,0.0,0.0,0.0,0.0,0.0
Washington University in St. Louis,2026,20.0,MO,0.0,0.0,0.0,0.0,0.3048536777496338,0.0,0.0,0.0,0.6892292499542236,0.0
Emory University,2026,24.0,GA,0.040196649730205536,0.0,0.0,0.0,0.0,0.958149790763855,0.0,0.0,0.0,0.0
Georgetown University,2026,24.0,DC,0.0,0.0,0.0,0.0,0.0,0.6712321043014526,0.3258991539478302,0.0,0.0,0.0
University of Virginia,2025,24.0,VA,0.7048487663269043,0.0,0.0,0.0,0.0,0.0,0.2943817675113678,0.0,0.0,0.0
University of Virginia,2026,26.0,VA,0.0,0.0,0.0,0.0,0.9993902444839478,0.0,0.0,0.0,0.0,0.0
University of North Carolina Chapel Hill,2025,27.0,NC,0.0,0.0,0.0,0.14602141082286835,0.0,0.853768527507782,0.0,0.0,0.0,0.0
University of Southern California,2026,28.0,CA,0.0,0.0,0.0,0.0,0.0,0.0,0.9992653727531433,0.0,0.0,0.0
University of California San Diego,2026,29.0,CA,0.0,0.9939444661140442,0.0,0.0,0.0,0.0,0.0,0.0,0.0,0.0
University of Florida,2024,28.0,FL,0.9795069098472595,0.0,0.0,0.0,0.0,0.02034294232726097,0.0,0.0,0.0,0.0
University of Florida,2026,30.0,FL,0.10692168027162552,0.0,0.0,0.07663393765687943,0.0,0.19088131189346313,0.5946686267852783,0.0,0.030216341838240623,0.0
University of Texas Austin,2026,30.0,TX,0.0,0.5231541991233826,0.0,0.0,0.0,0.0,0.473925918340683,0.0,0.0,0.0
New York University,2026,32.0,NY,0.0,0.3834425210952759,0.0,0.17716288566589355,0.0,0.16801762580871582,0.0,0.0,0.2703630328178406,0.0
Georgia Institute of Technology,2026,32.0,GA,0.0,0.0,0.0,0.0,0.0,0.0,0.0,0.0,0.0,0.9997552037239075
University of California Davis,2026,32.0,CA,0.0,0.0,0.0,0.0,0.0,0.4130866825580597,0.40173280239105225,0.0,0.18362244963645935,0.0
University of Illinois Urbana Champaign,2026,36.0,IL,0.0,0.0,0.0,0.9970483183860779,0.0,0.0,0.0,0.0,0.0,0.0
Boston College,2026,36.0,MA,0.0,0.0,0.0,0.9992989897727966,0.0,0.0,0.0,0.0,0.0,0.0
Tufts University,2026,36.0,MA,0.0,0.0,0.0,0.0,0.0,0.0,0.0,0.0,0.9963777661323547,0.0
University of Wisconsin Madison,2024,35.0,WI,0.0,0.0,0.0,0.0,0.0,0.0,0.9986128807067871,0.0,0.0,0.0
University of Wisconsin Madison,2026,36.0,WI,0.22965514659881592,0.258626788854599,0.0,0.14972585439682007,0.34099796414375305,0.020473888143897057,0.0,0.0,0.0,0.0
University of California Santa Barbara,2026,40.0,CA,0.0,0.0,0.0,0.0,0.0,0.9284939765930176,0.07057058811187744,0.0,0.0,0.0
Ohio State University Columbus,2026,40.0,OH,0.7257454991340637,0.0,0.0,0.21020853519439697,0.0,0.0,0.036439064890146255,0.0,0.0,0.027401547878980637
Boston University,2025,41.0,MA,0.06523852795362473,0.0,0.0,0.0,0.17758288979530334,0.7545763254165649,0.0,0.0,0.0,0.0
Rutgers University New Brunswick,2024,40.0,NJ,0.0,0.0,0.0,0.0,0.0,0.0,0.0,0.0,0.9960638284683228,0.0
Rutgers University New Brunswick,2026,42.0,NJ,0.0,0.0,0.0,0.0,0.0,0.0,0.0,0.0,0.9929524064064026,0.0
University of Maryland College Park,2025,44.0,MD,0.23440492153167725,0.0,0.0,0.0,0.0,0.6280282139778137,0.13043558597564697,0.0,0.0,0.0
University of Maryland College Park,2026,42.0,MD,0.0,0.0,0.9976465702056885,0.0,0.0,0.0,0.0,0.0,0.0,0.0
University of Washington,2025,46.0,WA,0.3855578303337097,0.0,0.0,0.0,0.0,0.2581247389316559,0.3548397421836853,0.0,0.0,0.0
University of Rochester,2024,47.0,NY,0.9913983345031738,0.0,0.0,0.0,0.0,0.0,0.0,0.0,0.0,0.0
Purdue University,2025,46.0,IN,0.0,0.40991371870040894,0.0,0.0,0.0,0.5893987417221069,0.0,0.0,0.0,0.0
University of Georgia,2025,46.0,GA,0.0,0.0,0.0,0.0,0.0,0.8453121185302734,0.1535005420446396,0.0,0.0,0.0
Northeastern University,2025,54.0,MA,0.06676775217056274,0.0,0.0,0.0,0.0,0.25638696551322937,0.31312164664268494,0.0,0.33087265491485596,0.0320415124297142
Texas A&M University College Station,2025,51.0,TX,0.0,0.0,0.0,0.0,0.0,0.9995101690292358,0.0,0.0,0.0,0.0
George Washington University,2023,62.0,DC,0.0,0.9986047148704529,0.0,0.0,0.0,0.0,0.0,0.0,0.0,0.0
Pennsylvania State University University Park,2026,59.0,PA,0.0,0.14380092918872833,0.0,0.15893572568893433,0.0,0.04765761271119118,0.4481493830680847,0.0,0.0,0.19191624224185944
North Carolina State University,2026,64.0,NC,0.23573534190654755,0.0,0.0,0.0,0.0,0.5154706835746765,0.24684147536754608,0.0,0.0,0.0
University of Massachusetts Amherst,2026,64.0,MA,0.5849128365516663,0.0,0.0,0.16616791486740112,0.09467193484306335,0.15337510406970978,0.0,0.0,0.0,0.0
Michigan State University,2026,64.0,MI,0.0,0.0,0.0,0.0,0.0,0.9807090163230896,0.019069017842411995,0.0,0.0,0.0
Brandeis University,2025,63.0,MA,0.0,0.0,0.0,0.0,0.0,0.7896205186843872,0.2036648690700531,0.0,0.0,0.0
University of Pittsburgh,2026,,PA,0.2617129981517792,0.30615898966789246,0.0,0.0,0.0,0.0,0.4244839549064636,0.0,0.0,0.0
Binghamton University,2025,73.0,NY,0.20472854375839233,0.0,0.0,0.0,0.0,0.790177047252655,0.0,0.0,0.0,0.0
Syracuse University,2026,75.0,NY,0.0,0.0,0.0,0.0,0.0,0.0,0.8767827153205872,0.0,0.0,0.12076810002326965
University of Buffalo,2024,76.0,NY,0.0,0.0,0.0,0.0,0.0,0.5830532312393188,0.06724634021520615,0.0,0.34868142008781433,0.0
University of California Riverside,2025,76.0,CA,0.2772810161113739,0.06855561584234238,0.0,0.3052508533000946,0.0,0.3212423324584961,0.0,0.0,0.0,0.027145065367221832
Clemson University,2025,80.0,SC,0.0,0.0,0.2518344521522522,0.0,0.0,0.0,0.7467933893203735,0.0,0.0,0.0
Colorado School of Mines,2023,89.0,CO,0.0,0.998823344707489,0.0,0.0,0.0,0.0,0.0,0.0,0.0,0.0
Stevens Institute of Technology,2025,76.0,NJ,0.0,0.0,0.0,0.0,0.0,0.0,0.997212290763855,0.0,0.0,0.0
New Jersey Institute of Technology,2026,80.0,NJ,0.0,0.37179288268089294,0.0,0.35922250151634216,0.0,0.26652202010154724,0.0,0.0,0.0,0.0
Pepperdine University,2026,84.0,CA,0.5516045093536377,0.0,0.0,0.0,0.0,0.4469614326953888,0.0,0.0,0.0,0.0
University of Illinois Chicago,2025,80.0,IL,0.0,0.0,0.0,0.0,0.0,0.9957422614097595,0.0,0.0,0.0,0.0
Worcester Polytechnic Institute,2023,67.0,MA,0.0,0.0,0.5988149046897888,0.0,0.0,0.0,0.14096039533615112,0.0,0.25480252504348755,0.0
Yeshiva University,2026,84.0,NY,0.0,0.0,0.0,0.0,0.0,0.0,0.0,0.0,0.5728101134300232,0.425419420003891
University of California Santa Cruz,2026,88.0,CA,0.0,0.0,0.0,0.0,0.0,0.9975413680076599,0.0,0.0,0.0,0.0
Howard University,2026,88.0,DC,0.0,0.0,0.0,0.0,0.0,0.903073787689209,0.0,0.0,0.09265797585248947,0.0
Marquette University,2026,88.0,WI,0.048248354345560074,0.0,0.0,0.0,0.0,0.76044100522995,0.19032445549964905,0.0,0.0,0.0
University of Delaware,2026,88.0,DE,0.0,0.2134537696838379,0.0,0.0,0.0,0.0,0.08052486926317215,0.0,0.7049537301063538,0.0
American University,2026,88.0,DC,0.0,0.0,0.08620123565196991,0.0,0.0,0.8336580395698547,0.0,0.0,0.0,0.077424056828022
Baylor University,2026,88.0,TX,0.0,0.0,0.0,0.2998356819152832,0.0,0.6973043084144592,0.0,0.0,0.0,0.0
Rochester Institute of Technology,2025,91.0,NY,0.3862738609313965,0.0,0.0,0.0,0.0,0.0,0.0,0.0,0.6117607355117798,0.0
Rochester Institute of Technology,2026,88.0,NY,0.0,0.9993593692779541,0.0,0.0,0.0,0.0,0.0,0.0,0.0,0.0
Southern Methodist University,2026,88.0,TX,0.010574378073215485,0.0,0.0,0.0,0.0,0.7291783690452576,0.2594791352748871,0.0,0.0,0.0
University of South Florida,2026,88.0,FL,0.2418341338634491,0.0,0.0,0.0,0.0,0.5740547776222229,0.0,0.17419034242630005,0.0,0.0
Fordham University,2026,97.0,NY,0.1417664885520935,0.039539892226457596,0.0,0.1227431446313858,0.0,0.6951742172241211,0.0,0.0,0.0,0.0
Florida International University,2025,98.0,FL,0.0,0.31995388865470886,0.0,0.0,0.0,0.0,0.677971601486206,0.0,0.0,0.0
Rutgers University Camden,2026,97.0,NJ,0.0,0.0,0.0,0.0,0.0,0.0,0.0,0.0,0.9929524064064026,0.0
Texas Christian University,2026,97.0,TX,0.0,0.0,0.0,0.0,0.0,0.8384075164794922,0.0,0.0,0.0,0.15451833605766296
Gonzaga University,2026,102.0,WA,0.12163734436035156,0.0,0.0,0.0,0.0,0.468459814786911,0.40854841470718384,0.0,0.0,0.0
Temple University,2024,89.0,PA,0.25708508491516113,0.0,0.04079732671380043,0.0,0.0,0.0935630351305008,0.607689619064331,0.0,0.0,0.0
University of Iowa,2026,102.0,IA,0.0,0.0,0.0,0.9953581690788269,0.0,0.0,0.0,0.0,0.0,0.0
Auburn University,2026,102.0,AL,0.06039655581116676,0.0,0.0,0.0,0.0,0.6198549270629883,0.3190038800239563,0.0,0.0,0.0
Saint Louis University,2026,102.0,MZ,0.0,0.0,0.0,0.0,0.0,0.5402569770812988,0.0,0.0,0.37684738636016846,0.08243069797754288
University of Missouri Columbia,2023,121.0,MZ,0.0,0.03454088047146797,0.0,0.9635205864906311,0.0,0.0,0.0,0.0,0.0,0.0
University of Missouri Columbia,2026,102.0,MZ,0.0,0.0,0.0,0.0,0.0,0.2933948338031769,0.2949298024177551,0.0,0.41001659631729126,0.0
University of Tennessee Knoxville,2024,105.0,TN,0.6697626113891602,0.0,0.0,0.32787036895751953,0.0,0.0,0.0,0.0,0.0,0.0
Brigham Young University,2023,89.0,UT,0.0,0.0,0.0,0.39783957600593567,0.1292295604944229,0.4699832499027252,0.0,0.0,0.0,0.0
Brigham Young University,2026,110.0,UT,0.0,0.0,0.0,0.0,0.0,0.45996856689453125,0.5349065661430359,0.0,0.0,0.0
University of Oregon,2025,109.0,OR,0.2268180400133133,0.7622117400169373,0.0,0.0,0.0,0.0,0.0,0.0,0.0,0.0
University of San Diego,2024,98.0,CA,0.0,0.0,0.0,0.05314482003450394,0.0,0.7933551073074341,0.15250645577907562,0.0,0.0,0.0
University of Texas Dallas,2025,109.0,TX,0.0,0.0,0.0,0.0,0.9971795678138733,0.0,0.0,0.0,0.0,0.0
Chapman University,2026,110.0,CA,0.0,0.0,0.06001187488436699,0.0,0.0,0.47985604405403137,0.45913031697273254,0.0,0.0,0.0
University of Oklahoma,2025,132.0,OK,0.49433815479278564,0.0,0.03162800148129463,0.28121304512023926,0.0,0.1440126895904541,0.04861610010266304,0.0,0.0,0.0
Illinois Institute of Technology,2025,105.0,IL,0.20277829468250275,0.0,0.0,0.7529986500740051,0.0,0.021313171833753586,0.0,0.0,0.02198985032737255,0.0
George Mason University,2026,117.0,VA,0.0,0.0,0.0,0.0,0.0,0.9989791512489319,0.0,0.0,0.0,0.0
San Diego State University,2025,109.0,CA,0.6753228306770325,0.0,0.0,0.0,0.0,0.26950767636299133,0.028018737211823463,0.0,0.0,0.022446995601058006
University of New Hampshire,2026,117.0,NH,0.0,0.0,0.0,0.0,0.0,0.9984037280082703,0.0,0.0,0.0,0.0
California State University Long Beach,2026,127.0,CA,0.0,0.0,0.0,0.0,0.0,0.27547821402549744,0.0,0.0,0.7176476716995239,0.0
University of South Carolina,2026,127.0,SC,0.0,0.0,0.0,0.99964439868927,0.0,0.0,0.0,0.0,0.0,0.0
University of Maryland Baltimore County,2025,144.0,MD,0.21889524161815643,0.0,0.0,0.0,0.0,0.7804373502731323,0.0,0.0,0.0,0.0
University of Vermont,2026,132.0,VT,0.0,0.0,0.0,0.9960068464279175,0.0,0.0,0.0,0.0,0.0,0.0
California State University Fullerton,2026,132.0,CA,0.0,0.0,0.0,0.5459245443344116,0.0,0.452465295791626,0.0,0.0,0.0,0.0
Clark University,2024,142.0,MA,0.0,0.9973503947257996,0.0,0.0,0.0,0.0,0.0,0.0,0.0,0.0
Loyola University Chicago,2026,132.0,IL,0.02097734436392784,0.024439994245767593,0.0,0.21257324516773224,0.0,0.7416978478431702,0.0,0.0,0.0,0.0
Virginia Commonwealth University,2024,142.0,VA,0.06852991133928299,0.0,0.0,0.3156163692474365,0.0,0.6153729557991028,0.0,0.0,0.0,0.0
Colorado State University,2026,,CO,0.0,0.1970958709716797,0.0,0.80085688829422,0.0,0.0,0.0,0.0,0.0,0.0
James Madison University,2025,148.0,VA,0.1819249987602234,0.0,0.0,0.0,0.0,0.32331418991088867,0.25935569405555725,0.0,0.05433676019310951,0.18053512275218964
University of St.Thomas Minnesota,2026,,MN,0.4280540645122528,0.0,0.0,0.41331860423088074,0.0,0.1572447270154953,0.0,0.0,0.0,0.0
Illinois State University,2023,,IL,0.0,0.0,0.0,0.10562825202941895,0.0,0.8939074277877808,0.0,0.0,0.0,0.0
Illinois State University,2026,,IL,0.0,0.0,0.0,0.0,0.0,0.0,0.0,0.9974613189697266,0.0,0.0
Seattle University,2026,,WA,0.18261216580867767,0.0,0.0,0.21010923385620117,0.0,0.6068890690803528,0.0,0.0,0.0,0.0
University of Rhode Island,2026,,RI,0.0,0.0,0.0,0.0,0.0,0.6490270495414734,0.34828412532806396,0.0,0.0,0.0
University of Massachusetts Lowell,2026,,,0.0,0.0,0.0,0.0,0.0,0.9969290494918823,0.0,0.0,0.0,0.0
University of Louisville,2026,,KY,0.3325332701206207,0.0,0.0,0.0,0.0,0.665749728679657,0.0,0.0,0.0,0.0
Rowan University,2026,,NJ,0.0,0.0,0.0,0.6167197227478027,0.0,0.0,0.0,0.0,0.0,0.38229620456695557
University of Hawaii Manoa,2026,,HI,0.0,0.4254245460033417,0.0,0.25467240810394287,0.0,0.31699249148368835,0.0,0.0,0.0,0.0
Wayne State University,2026,,MI,0.0,0.0,0.0,0.3509972095489502,0.0,0.033155281096696854,0.4799421727657318,0.0,0.13524384796619415,0.0
California State University Fresno,2026,,CA,0.0,0.0,0.0,0.12399479746818542,0.0,0.8749901056289673,0.0,0.0,0.0,0.0
Florida Atlantic University,2024,,FL,0.0,0.0,0.0,0.33001020550727844,0.0,0.6690002679824829,0.0,0.0,0.0,0.0
University of Detroit Mercy,2026,,MI,0.0,0.0,0.0,0.0,0.7327775955200195,0.26546144485473633,0.0,0.0,0.0,0.0
University of Idaho,2026,,ID,0.15823204815387726,0.0,0.0,0.0,0.0,0.08133761584758759,0.6048358678817749,0.0,0.15338942408561707,0.0
East Carolina University,2026,,NC,0.0,0.0,0.0,0.0,0.0,0.0,0.5133616924285889,0.0,0.0,0.4855097532272339
Indiana University Indianapolis,2026,,IN,0.0,0.054439034312963486,0.0,0.2314906120300293,0.0,0.0,0.051432665437459946,0.0,0.0,0.6614996194839478
University of Nevada Reno,2026,,NV,0.0,0.0,0.0,0.0,0.0,0.5857205986976624,0.41351351141929626,0.0,0.0,0.0
Georgia State University,2026,,,0.0,0.0,0.0,0.0,0.0,0.0,0.9970598816871643,0.0,0.0,0.0
University of North Carolina Greensboro,2026,,,0.03151392564177513,0.0,0.0,0.4141949713230133,0.0,0.14715182781219482,0.40699049830436707,0.0,0.0,0.0
University of North Carolina Wilmington,2026,,,0.0,0.07740139216184616,0.0,0.3833049535751343,0.25033050775527954,0.14738896489143372,0.01934245228767395,0.0,0.1219887062907219,0.0
Valparaiso University,2026,,,0.0,0.5934131145477295,0.0,0.404306560754776,0.0,0.0,0.0,0.0,0.0,0.0
