university,year,state,rank,IPEDS,policy_typology,token_count,restrictive_count,innovation_count,admin_count,faculty_count,restrictive_density,innovation_density,admin_density,faculty_density,max_density,second_density,density_gap
Princeton University,2026,NJ,1.0,186131.0,Administrative Risk-Management,709,1,3,6,0,0.0014104372355430183,0.004231311706629055,0.00846262341325811,0.0,0.00846262341325811,0.004231311706629055,0.004231311706629055
Massachusetts Institute of Technology,2025,MA,2.0,166683.0,Administrative Risk-Management,691,2,2,6,0,0.002894356005788712,0.002894356005788712,0.008683068017366137,0.0,0.008683068017366137,0.002894356005788712,0.0057887120115774245
Harvard University,2026,MA,3.0,166027.0,Administrative Risk-Management,458,3,1,7,0,0.006550218340611353,0.002183406113537118,0.015283842794759825,0.0,0.015283842794759825,0.006550218340611353,0.008733624454148471
Stanford University,2023,CA,3.0,243744.0,Restrictive / Compliance-Driven,534,5,4,0,0,0.009363295880149813,0.00749063670411985,0.0,0.0,0.009363295880149813,0.00749063670411985,0.0018726591760299628
Yale University,2023,CT,3.0,130794.0,Innovation-Forward,536,4,9,3,0,0.007462686567164179,0.016791044776119403,0.005597014925373134,0.0,0.016791044776119403,0.007462686567164179,0.009328358208955223
University of Chicago,2026,IL,6.0,144050.0,Administrative Risk-Management,1381,6,6,8,0,0.004344677769732078,0.004344677769732078,0.005792903692976104,0.0,0.005792903692976104,0.004344677769732078,0.0014482259232440255
Northwestern University,2026,IL,7.0,147767.0,Restrictive / Compliance-Driven,1656,14,14,0,0,0.008454106280193236,0.008454106280193236,0.0,0.0,0.008454106280193236,0.008454106280193236,0.0
University of Pennsylvania,2026,PA,7.0,215062.0,Innovation-Forward,432,1,2,0,0,0.0023148148148148147,0.004629629629629629,0.0,0.0,0.004629629629629629,0.0023148148148148147,0.0023148148148148147
California Institute of Technology,2025,CA,6.0,110404.0,Innovation-Forward,689,4,6,0,0,0.005805515239477504,0.008708272859216255,0.0,0.0,0.008708272859216255,0.005805515239477504,0.0029027576197387514
Dartmouth College,2025,NH,15.0,182670.0,Innovation-Forward,858,7,8,0,0,0.008158508158508158,0.009324009324009324,0.0,0.0,0.009324009324009324,0.008158508158508158,0.001165501165501166
Columbia University,2025,NY,13.0,190150.0,Restrictive / Compliance-Driven,2771,29,21,23,1,0.010465535907614579,0.007578491519307109,0.008300252616383976,0.00036088054853843375,0.010465535907614579,0.008300252616383976,0.0021652832912306026
University of California Berkeley,2025,CA,17.0,110635.0,Innovation-Forward,1023,5,6,4,0,0.004887585532746823,0.005865102639296188,0.0039100684261974585,0.0,0.005865102639296188,0.004887585532746823,0.0009775171065493646
University of California Los Angeles,2026,CA,17.0,110662.0,Innovation-Forward,642,3,5,0,0,0.004672897196261682,0.00778816199376947,0.0,0.0,0.00778816199376947,0.004672897196261682,0.0031152647975077885
Rice University,2024,TX,17.0,227757.0,Administrative Risk-Management,834,1,4,5,0,0.001199040767386091,0.004796163069544364,0.005995203836930456,0.0,0.005995203836930456,0.004796163069544364,0.0011990407673860915
Vanderbilt University,2024,TN,18.0,221999.0,Restrictive / Compliance-Driven,311,0,0,0,0,0.0,0.0,0.0,0.0,0.0,0.0,0.0
University of Notre Dame,2026,IN,20.0,152080.0,Innovation-Forward,838,4,5,2,0,0.00477326968973747,0.0059665871121718375,0.002386634844868735,0.0,0.0059665871121718375,0.00477326968973747,0.0011933174224343672
Carnegie Mellon University,2026,PA,20.0,211440.0,Innovation-Forward,1307,16,17,0,0,0.01224177505738332,0.013006885998469778,0.0,0.0,0.013006885998469778,0.01224177505738332,0.0007651109410864582
University of Michigan Ann Arbor,2026,MI,20.0,170976.0,Administrative Risk-Management,1160,0,0,1,0,0.0,0.0,0.0008620689655172414,0.0,0.0008620689655172414,0.0,0.0008620689655172414
Washington University in St. Louis,2026,MO,20.0,179867.0,Administrative Risk-Management,260,1,1,2,0,0.0038461538461538464,0.0038461538461538464,0.007692307692307693,0.0,0.007692307692307693,0.0038461538461538464,0.0038461538461538464
Emory University,2026,GA,24.0,139658.0,Innovation-Forward,583,1,3,0,0,0.0017152658662092624,0.005145797598627788,0.0,0.0,0.005145797598627788,0.0017152658662092624,0.0034305317324185253
Georgetown University,2026,DC,24.0,131496.0,Innovation-Forward,385,0,2,0,0,0.0,0.005194805194805195,0.0,0.0,0.005194805194805195,0.0,0.005194805194805195
University of Virginia,2025,VA,24.0,234076.0,Restrictive / Compliance-Driven,1652,14,6,4,0,0.00847457627118644,0.0036319612590799033,0.002421307506053269,0.0,0.00847457627118644,0.0036319612590799033,0.004842615012106538
University of Virginia,2026,VA,26.0,234076.0,Innovation-Forward,2861,13,22,0,0,0.004543865781195386,0.007689619014330654,0.0,0.0,0.007689619014330654,0.004543865781195386,0.0031457532331352674
University of North Carolina Chapel Hill,2025,NC,27.0,199120.0,Innovation-Forward,5009,12,35,4,0,0.002395687762028349,0.0069874226392493514,0.000798562587342783,0.0,0.0069874226392493514,0.002395687762028349,0.0045917348772210025
University of Southern California,2026,CA,28.0,123961.0,Administrative Risk-Management,1899,13,5,20,0,0.006845708267509215,0.0026329647182727752,0.010531858873091101,0.0,0.010531858873091101,0.006845708267509215,0.003686150605581886
University of California San Diego,2026,CA,29.0,110680.0,Restrictive / Compliance-Driven,298,6,2,0,0,0.020134228187919462,0.006711409395973154,0.0,0.0,0.020134228187919462,0.006711409395973154,0.013422818791946307
University of Florida,2024,FL,28.0,134130.0,Innovation-Forward,6454,24,77,6,1,0.0037186241090796405,0.01193058568329718,0.0009296560272699101,0.0001549426712116517,0.01193058568329718,0.0037186241090796405,0.008211961574217538
University of Florida,2026,FL,30.0,134130.0,Administrative Risk-Management,696,3,2,4,0,0.004310344827586207,0.0028735632183908046,0.005747126436781609,0.0,0.005747126436781609,0.004310344827586207,0.0014367816091954023
University of Texas Austin,2026,TX,30.0,228778.0,Restrictive / Compliance-Driven,494,3,2,0,0,0.006072874493927126,0.004048582995951417,0.0,0.0,0.006072874493927126,0.004048582995951417,0.0020242914979757085
New York University,2026,NY,32.0,193900.0,Restrictive / Compliance-Driven,713,17,4,0,0,0.023842917251051893,0.005610098176718092,0.0,0.0,0.023842917251051893,0.005610098176718092,0.0182328190743338
Georgia Institute of Technology,2026,GA,32.0,139755.0,Restrictive / Compliance-Driven,6430,25,20,15,0,0.0038880248833592537,0.003110419906687403,0.0023328149300155523,0.0,0.0038880248833592537,0.003110419906687403,0.0007776049766718509
University of California Davis,2026,CA,32.0,110644.0,Administrative Risk-Management,523,0,3,4,0,0.0,0.0057361376673040155,0.0076481835564053535,0.0,0.0076481835564053535,0.0057361376673040155,0.001912045889101338
University of Illinois Urbana Champaign,2026,IL,36.0,145637.0,Restrictive / Compliance-Driven,603,3,1,0,0,0.004975124378109453,0.001658374792703151,0.0,0.0,0.004975124378109453,0.001658374792703151,0.0033167495854063015
Boston College,2026,MA,36.0,164924.0,Restrictive / Compliance-Driven,2087,49,4,0,0,0.02347867752755151,0.0019166267369429804,0.0,0.0,0.02347867752755151,0.0019166267369429804,0.02156205079060853
Tufts University,2026,MA,36.0,168148.0,Administrative Risk-Management,543,3,2,4,0,0.0055248618784530384,0.003683241252302026,0.007366482504604052,0.0,0.007366482504604052,0.0055248618784530384,0.0018416206261510134
University of Wisconsin Madison,2024,WI,35.0,240444.0,Restrictive / Compliance-Driven,1128,19,1,6,0,0.016843971631205674,0.0008865248226950354,0.005319148936170213,0.0,0.016843971631205674,0.005319148936170213,0.01152482269503546
University of Wisconsin Madison,2026,WI,36.0,240444.0,Innovation-Forward,1156,17,19,0,0,0.014705882352941176,0.01643598615916955,0.0,0.0,0.01643598615916955,0.014705882352941176,0.0017301038062283725
University of California Santa Barbara,2026,CA,40.0,110705.0,Innovation-Forward,1027,4,6,6,0,0.0038948393378773127,0.005842259006815969,0.005842259006815969,0.0,0.005842259006815969,0.005842259006815969,0.0
Ohio State University Columbus,2026,OH,40.0,204796.0,Innovation-Forward,4508,17,34,2,0,0.0037710736468500442,0.0075421472937000885,0.00044365572315882877,0.0,0.0075421472937000885,0.0037710736468500442,0.0037710736468500442
Boston University,2025,MA,41.0,164988.0,Innovation-Forward,330,0,1,0,0,0.0,0.0030303030303030303,0.0,0.0,0.0030303030303030303,0.0,0.0030303030303030303
Rutgers University New Brunswick,2024,NJ,40.0,186380.0,Restrictive / Compliance-Driven,504,5,3,3,0,0.00992063492063492,0.005952380952380952,0.005952380952380952,0.0,0.00992063492063492,0.005952380952380952,0.003968253968253968
Rutgers University New Brunswick,2026,NJ,42.0,186380.0,Restrictive / Compliance-Driven,378,5,2,1,0,0.013227513227513227,0.005291005291005291,0.0026455026455026454,0.0,0.013227513227513227,0.005291005291005291,0.007936507936507936
University of Maryland College Park,2025,MD,44.0,163286.0,Innovation-Forward,2441,10,17,5,0,0.004096681687832855,0.006964358869315854,0.0020483408439164277,0.0,0.006964358869315854,0.004096681687832855,0.0028676771814829987
University of Maryland College Park,2026,MD,42.0,163286.0,Innovation-Forward,574,1,7,1,0,0.0017421602787456446,0.012195121951219513,0.0017421602787456446,0.0,0.012195121951219513,0.0017421602787456446,0.010452961672473868
University of Washington,2025,WA,46.0,236948.0,Restrictive / Compliance-Driven,562,3,3,0,0,0.005338078291814947,0.005338078291814947,0.0,0.0,0.005338078291814947,0.005338078291814947,0.0
University of Rochester,2024,NY,47.0,195030.0,Innovation-Forward,2234,7,14,1,0,0.003133393017009848,0.006266786034019696,0.0004476275738585497,0.0,0.006266786034019696,0.003133393017009848,0.003133393017009848
Purdue University,2025,IN,46.0,243780.0,Innovation-Forward,1584,13,21,2,1,0.008207070707070708,0.013257575757575758,0.0012626262626262627,0.0006313131313131314,0.013257575757575758,0.008207070707070708,0.00505050505050505
University of Georgia,2025,GA,46.0,139959.0,Innovation-Forward,842,1,5,5,0,0.0011876484560570072,0.0059382422802850355,0.0059382422802850355,0.0,0.0059382422802850355,0.0059382422802850355,0.0
Northeastern University,2025,MA,54.0,167358.0,Administrative Risk-Management,664,1,0,6,0,0.0015060240963855422,0.0,0.009036144578313253,0.0,0.009036144578313253,0.0015060240963855422,0.007530120481927711
Texas A&M University College Station,2025,TX,51.0,228723.0,Innovation-Forward,2291,16,24,8,0,0.006983849847228284,0.010475774770842427,0.003491924923614142,0.0,0.010475774770842427,0.006983849847228284,0.003491924923614142
George Washington University,2023,DC,62.0,131469.0,Restrictive / Compliance-Driven,1203,18,3,0,0,0.014962593516209476,0.0024937655860349127,0.0,0.0,0.014962593516209476,0.0024937655860349127,0.012468827930174564
Pennsylvania State University University Park,2026,PA,59.0,214777.0,Innovation-Forward,1612,2,13,1,0,0.0012406947890818859,0.008064516129032258,0.0006203473945409429,0.0,0.008064516129032258,0.0012406947890818859,0.006823821339950372
North Carolina State University,2026,NC,64.0,199193.0,Administrative Risk-Management,416,0,0,1,0,0.0,0.0,0.002403846153846154,0.0,0.002403846153846154,0.0,0.002403846153846154
University of Massachusetts Amherst,2026,MA,64.0,166629.0,Innovation-Forward,899,2,9,1,1,0.002224694104560623,0.010011123470522803,0.0011123470522803114,0.0011123470522803114,0.010011123470522803,0.002224694104560623,0.00778642936596218
Michigan State University,2026,MI,64.0,171100.0,Innovation-Forward,4208,23,40,8,0,0.005465779467680608,0.009505703422053232,0.0019011406844106464,0.0,0.009505703422053232,0.005465779467680608,0.004039923954372623
Brandeis University,2025,MA,63.0,165015.0,Restrictive / Compliance-Driven,626,6,6,6,0,0.009584664536741214,0.009584664536741214,0.009584664536741214,0.0,0.009584664536741214,0.009584664536741214,0.0
University of Pittsburgh,2026,PA,,215293.0,Innovation-Forward,804,2,3,1,0,0.0024875621890547263,0.0037313432835820895,0.0012437810945273632,0.0,0.0037313432835820895,0.0024875621890547263,0.0012437810945273632
Binghamton University,2025,NY,73.0,196079.0,Innovation-Forward,210,3,4,2,0,0.014285714285714285,0.01904761904761905,0.009523809523809525,0.0,0.01904761904761905,0.014285714285714285,0.004761904761904764
Syracuse University,2026,NY,75.0,196413.0,Restrictive / Compliance-Driven,573,4,2,4,0,0.006980802792321117,0.0034904013961605585,0.006980802792321117,0.0,0.006980802792321117,0.006980802792321117,0.0
University of Buffalo,2024,NY,76.0,196088.0,Innovation-Forward,973,4,6,2,0,0.0041109969167523125,0.006166495375128468,0.0020554984583761563,0.0,0.006166495375128468,0.0041109969167523125,0.002055498458376156
University of California Riverside,2025,CA,76.0,110671.0,Innovation-Forward,1049,5,11,1,0,0.004766444232602479,0.010486177311725452,0.0009532888465204957,0.0,0.010486177311725452,0.004766444232602479,0.005719733079122973
Clemson University,2025,SC,80.0,217882.0,Restrictive / Compliance-Driven,944,5,3,5,0,0.005296610169491525,0.0031779661016949155,0.005296610169491525,0.0,0.005296610169491525,0.005296610169491525,0.0
Colorado School of Mines,2023,CO,89.0,126775.0,Restrictive / Compliance-Driven,1307,23,14,0,0,0.017597551644988524,0.010711553175210406,0.0,0.0,0.017597551644988524,0.010711553175210406,0.006885998469778118
Stevens Institute of Technology,2025,NJ,76.0,186867.0,Restrictive / Compliance-Driven,502,2,1,2,0,0.00398406374501992,0.00199203187250996,0.00398406374501992,0.0,0.00398406374501992,0.00398406374501992,0.0
New Jersey Institute of Technology,2026,NJ,80.0,185828.0,Innovation-Forward,384,5,7,0,0,0.013020833333333334,0.018229166666666668,0.0,0.0,0.018229166666666668,0.013020833333333334,0.005208333333333334
Pepperdine University,2026,CA,84.0,121150.0,Innovation-Forward,564,0,13,1,0,0.0,0.02304964539007092,0.0017730496453900709,0.0,0.02304964539007092,0.0017730496453900709,0.02127659574468085
University of Illinois Chicago,2025,IL,80.0,145600.0,Innovation-Forward,489,1,5,1,0,0.002044989775051125,0.010224948875255624,0.002044989775051125,0.0,0.010224948875255624,0.002044989775051125,0.0081799591002045
Worcester Polytechnic Institute,2023,MA,67.0,168421.0,Administrative Risk-Management,227,0,1,4,0,0.0,0.004405286343612335,0.01762114537444934,0.0,0.01762114537444934,0.004405286343612335,0.013215859030837006
Yeshiva University,2026,NY,84.0,197708.0,Restrictive / Compliance-Driven,748,14,4,5,0,0.01871657754010695,0.0053475935828877,0.0066844919786096255,0.0,0.01871657754010695,0.0066844919786096255,0.012032085561497326
University of California Santa Cruz,2026,CA,88.0,110714.0,Innovation-Forward,421,2,3,0,0,0.004750593824228029,0.007125890736342043,0.0,0.0,0.007125890736342043,0.004750593824228029,0.0023752969121140144
Howard University,2026,DC,88.0,131520.0,Restrictive / Compliance-Driven,253,5,1,1,0,0.019762845849802372,0.003952569169960474,0.003952569169960474,0.0,0.019762845849802372,0.003952569169960474,0.015810276679841896
Marquette University,2026,WI,88.0,239105.0,Restrictive / Compliance-Driven,799,9,3,3,0,0.011264080100125156,0.0037546933667083854,0.0037546933667083854,0.0,0.011264080100125156,0.0037546933667083854,0.00750938673341677
University of Delaware,2026,DE,88.0,130943.0,Restrictive / Compliance-Driven,3347,18,13,6,0,0.00537795040334628,0.003884075291305647,0.00179265013444876,0.0,0.00537795040334628,0.003884075291305647,0.0014938751120406333
American University,2026,DC,88.0,131159.0,Restrictive / Compliance-Driven,487,8,5,0,0,0.01642710472279261,0.01026694045174538,0.0,0.0,0.01642710472279261,0.01026694045174538,0.006160164271047229
Baylor University,2026,TX,88.0,223232.0,Restrictive / Compliance-Driven,340,3,1,0,0,0.008823529411764706,0.0029411764705882353,0.0,0.0,0.008823529411764706,0.0029411764705882353,0.0058823529411764705
Rochester Institute of Technology,2025,NY,91.0,195003.0,Innovation-Forward,733,4,6,0,0,0.005457025920873124,0.008185538881309686,0.0,0.0,0.008185538881309686,0.005457025920873124,0.0027285129604365617
Rochester Institute of Technology,2026,NY,88.0,195003.0,Innovation-Forward,2688,15,18,5,0,0.005580357142857143,0.006696428571428571,0.0018601190476190475,0.0,0.006696428571428571,0.005580357142857143,0.001116071428571428
Southern Methodist University,2026,TX,88.0,228246.0,Innovation-Forward,898,2,5,1,0,0.0022271714922048997,0.005567928730512249,0.0011135857461024498,0.0,0.005567928730512249,0.0022271714922048997,0.0033407572383073497
University of South Florida,2026,FL,88.0,137351.0,Restrictive / Compliance-Driven,828,8,3,2,0,0.00966183574879227,0.0036231884057971015,0.0024154589371980675,0.0,0.00966183574879227,0.0036231884057971015,0.006038647342995168
Fordham University,2026,NY,97.0,191241.0,Innovation-Forward,718,4,14,0,0,0.005571030640668524,0.019498607242339833,0.0,0.0,0.019498607242339833,0.005571030640668524,0.01392757660167131
Florida International University,2025,FL,98.0,133951.0,Restrictive / Compliance-Driven,614,4,4,1,0,0.006514657980456026,0.006514657980456026,0.0016286644951140066,0.0,0.006514657980456026,0.006514657980456026,0.0
Rutgers University Camden,2026,NJ,97.0,186371.0,Restrictive / Compliance-Driven,378,5,2,1,0,0.013227513227513227,0.005291005291005291,0.0026455026455026454,0.0,0.013227513227513227,0.005291005291005291,0.007936507936507936
Texas Christian University,2026,TX,97.0,228875.0,Innovation-Forward,367,1,2,1,0,0.0027247956403269754,0.005449591280653951,0.0027247956403269754,0.0,0.005449591280653951,0.0027247956403269754,0.0027247956403269754
Gonzaga University,2026,WA,102.0,235316.0,Innovation-Forward,623,1,5,3,0,0.0016051364365971107,0.008025682182985553,0.004815409309791332,0.0,0.008025682182985553,0.004815409309791332,0.003210272873194221
Temple University,2024,PA,89.0,216339.0,Innovation-Forward,793,1,5,2,0,0.0012610340479192938,0.006305170239596469,0.0025220680958385876,0.0,0.006305170239596469,0.0025220680958385876,0.0037831021437578815
University of Iowa,2026,IA,102.0,153658.0,Restrictive / Compliance-Driven,3123,6,6,2,0,0.0019212295869356388,0.0019212295869356388,0.0006404098623118795,0.0,0.0019212295869356388,0.0019212295869356388,0.0
Auburn University,2026,AL,102.0,100858.0,Innovation-Forward,1095,9,10,3,0,0.00821917808219178,0.0091324200913242,0.0027397260273972603,0.0,0.0091324200913242,0.00821917808219178,0.0009132420091324204
Saint Louis University,2026,MZ,102.0,179159.0,Innovation-Forward,2159,19,20,4,0,0.008800370541917554,0.009263547938860583,0.0018527095877721167,0.0,0.009263547938860583,0.008800370541917554,0.0004631773969430292
University of Missouri Columbia,2023,MZ,121.0,178396.0,Restrictive / Compliance-Driven,752,12,1,0,0,0.015957446808510637,0.0013297872340425532,0.0,0.0,0.015957446808510637,0.0013297872340425532,0.014627659574468084
University of Missouri Columbia,2026,MZ,102.0,178396.0,Restrictive / Compliance-Driven,588,4,1,3,0,0.006802721088435374,0.0017006802721088435,0.00510204081632653,0.0,0.006802721088435374,0.00510204081632653,0.0017006802721088437
University of Tennessee Knoxville,2024,TN,105.0,221759.0,Restrictive / Compliance-Driven,655,1,1,0,0,0.0015267175572519084,0.0015267175572519084,0.0,0.0,0.0015267175572519084,0.0015267175572519084,0.0
Brigham Young University,2023,UT,89.0,230038.0,Restrictive / Compliance-Driven,357,8,0,0,0,0.022408963585434174,0.0,0.0,0.0,0.022408963585434174,0.0,0.022408963585434174
Brigham Young University,2026,UT,110.0,230038.0,Administrative Risk-Management,193,0,0,2,0,0.0,0.0,0.010362694300518135,0.0,0.010362694300518135,0.0,0.010362694300518135
University of Oregon,2025,OR,109.0,209551.0,Restrictive / Compliance-Driven,181,5,2,0,0,0.027624309392265192,0.011049723756906077,0.0,0.0,0.027624309392265192,0.011049723756906077,0.016574585635359115
University of San Diego,2024,CA,98.0,122436.0,Restrictive / Compliance-Driven,825,2,0,0,0,0.0024242424242424242,0.0,0.0,0.0,0.0024242424242424242,0.0,0.0024242424242424242
University of Texas Dallas,2025,TX,109.0,228787.0,Restrictive / Compliance-Driven,671,12,4,1,0,0.01788375558867362,0.005961251862891207,0.0014903129657228018,0.0,0.01788375558867362,0.005961251862891207,0.011922503725782414
Chapman University,2026,CA,110.0,111948.0,Restrictive / Compliance-Driven,759,3,2,2,0,0.003952569169960474,0.002635046113306983,0.002635046113306983,0.0,0.003952569169960474,0.002635046113306983,0.001317523056653491
University of Oklahoma,2025,OK,132.0,207500.0,Innovation-Forward,2798,9,28,2,0,0.0032165832737669764,0.010007147962830594,0.0007147962830593281,0.0,0.010007147962830594,0.0032165832737669764,0.006790564689063618
Illinois Institute of Technology,2025,IL,105.0,145725.0,Innovation-Forward,880,2,13,0,0,0.0022727272727272726,0.014772727272727272,0.0,0.0,0.014772727272727272,0.0022727272727272726,0.0125
George Mason University,2026,VA,117.0,232186.0,Restrictive / Compliance-Driven,1199,14,10,5,0,0.011676396997497914,0.008340283569641367,0.004170141784820684,0.0,0.011676396997497914,0.008340283569641367,0.003336113427856547
San Diego State University,2025,CA,109.0,122409.0,Innovation-Forward,2103,6,7,3,0,0.0028530670470756064,0.0033285782215882074,0.0014265335235378032,0.0,0.0033285782215882074,0.0028530670470756064,0.00047551117451260106
University of New Hampshire,2026,NH,117.0,183044.0,Administrative Risk-Management,835,2,3,6,0,0.0023952095808383233,0.003592814371257485,0.00718562874251497,0.0,0.00718562874251497,0.003592814371257485,0.003592814371257485
California State University Long Beach,2026,CA,127.0,110565.0,Administrative Risk-Management,170,1,2,3,0,0.0058823529411764705,0.011764705882352941,0.01764705882352941,0.0,0.01764705882352941,0.011764705882352941,0.0058823529411764705
University of South Carolina,2026,SC,127.0,218663.0,Restrictive / Compliance-Driven,4710,76,16,0,0,0.01613588110403397,0.003397027600849257,0.0,0.0,0.01613588110403397,0.003397027600849257,0.012738853503184714
University of Maryland Baltimore County,2025,MD,144.0,163268.0,Innovation-Forward,1257,9,18,1,0,0.007159904534606206,0.014319809069212411,0.0007955449482895784,0.0,0.014319809069212411,0.007159904534606206,0.007159904534606206
University of Vermont,2026,VT,132.0,231174.0,Restrictive / Compliance-Driven,411,4,0,0,0,0.009732360097323601,0.0,0.0,0.0,0.009732360097323601,0.0,0.009732360097323601
California State University Fullerton,2026,CA,132.0,110583.0,Innovation-Forward,647,1,19,0,0,0.0015455950540958269,0.02936630602782071,0.0,0.0,0.02936630602782071,0.0015455950540958269,0.027820710973724884
Clark University,2024,MA,142.0,165334.0,Restrictive / Compliance-Driven,631,5,3,0,0,0.00792393026941363,0.004754358161648178,0.0,0.0,0.00792393026941363,0.004754358161648178,0.003169572107765452
Loyola University Chicago,2026,IL,132.0,146719.0,Restrictive / Compliance-Driven,2494,24,16,3,3,0.009623095429029671,0.006415396952686447,0.0012028869286287089,0.0012028869286287089,0.009623095429029671,0.006415396952686447,0.0032076984763432237
Virginia Commonwealth University,2024,VA,142.0,234030.0,Innovation-Forward,1903,6,7,2,0,0.0031529164477141357,0.0036784025223331584,0.0010509721492380452,0.0,0.0036784025223331584,0.0031529164477141357,0.0005254860746190227
Colorado State University,2026,CO,,126818.0,Restrictive / Compliance-Driven,732,10,6,0,0,0.01366120218579235,0.00819672131147541,0.0,0.0,0.01366120218579235,0.00819672131147541,0.005464480874316939
James Madison University,2025,VA,148.0,232423.0,Restrictive / Compliance-Driven,1158,6,5,1,0,0.0051813471502590676,0.004317789291882556,0.0008635578583765112,0.0,0.0051813471502590676,0.004317789291882556,0.0008635578583765114
University of St.Thomas Minnesota,2026,MN,,174914.0,Restrictive / Compliance-Driven,652,2,2,0,0,0.003067484662576687,0.003067484662576687,0.0,0.0,0.003067484662576687,0.003067484662576687,0.0
Illinois State University,2023,IL,,145813.0,Restrictive / Compliance-Driven,2252,12,7,1,0,0.0053285968028419185,0.003108348134991119,0.0004440497335701599,0.0,0.0053285968028419185,0.003108348134991119,0.0022202486678507996
Illinois State University,2026,IL,,145813.0,Innovation-Forward,618,1,6,1,0,0.0016181229773462784,0.009708737864077669,0.0016181229773462784,0.0,0.009708737864077669,0.0016181229773462784,0.008090614886731391
Seattle University,2026,WA,,236595.0,Restrictive / Compliance-Driven,2091,25,21,6,0,0.011956001912960305,0.010043041606886656,0.0028694404591104736,0.0,0.011956001912960305,0.010043041606886656,0.001912960306073649
University of Rhode Island,2026,RI,,217484.0,Restrictive / Compliance-Driven,352,2,2,1,0,0.005681818181818182,0.005681818181818182,0.002840909090909091,0.0,0.005681818181818182,0.005681818181818182,0.0
University of Massachusetts Lowell,2026,,,,Innovation-Forward,374,0,2,2,0,0.0,0.0053475935828877,0.0053475935828877,0.0,0.0053475935828877,0.0053475935828877,0.0
University of Louisville,2026,KY,,,Administrative Risk-Management,503,2,2,3,0,0.003976143141153081,0.003976143141153081,0.005964214711729622,0.0,0.005964214711729622,0.003976143141153081,0.001988071570576541
Rowan University,2026,NJ,,,Restrictive / Compliance-Driven,1410,9,5,0,0,0.006382978723404255,0.0035460992907801418,0.0,0.0,0.006382978723404255,0.0035460992907801418,0.0028368794326241132
University of Hawaii Manoa,2026,HI,,,Innovation-Forward,261,3,5,1,0,0.011494252873563218,0.019157088122605363,0.0038314176245210726,0.0,0.019157088122605363,0.011494252873563218,0.007662835249042144
Wayne State University,2026,MI,,,Administrative Risk-Management,1157,0,1,4,0,0.0,0.000864304235090752,0.003457216940363008,0.0,0.003457216940363008,0.000864304235090752,0.0025929127052722557
California State University Fresno,2026,CA,,,Innovation-Forward,1067,10,15,1,0,0.00937207122774133,0.014058106841611996,0.0009372071227741331,0.0,0.014058106841611996,0.00937207122774133,0.004686035613870666
Florida Atlantic University,2024,FL,,,Restrictive / Compliance-Driven,1067,2,1,0,0,0.0018744142455482662,0.0009372071227741331,0.0,0.0,0.0018744142455482662,0.0009372071227741331,0.0009372071227741331
University of Detroit Mercy,2026,MI,,,Innovation-Forward,701,13,14,0,1,0.018544935805991442,0.019971469329529243,0.0,0.0014265335235378032,0.019971469329529243,0.018544935805991442,0.0014265335235378006
University of Idaho,2026,ID,,,Restrictive / Compliance-Driven,289,2,1,0,0,0.006920415224913495,0.0034602076124567475,0.0,0.0,0.006920415224913495,0.0034602076124567475,0.0034602076124567475
East Carolina University,2026,NC,,,Administrative Risk-Management,1057,4,2,7,0,0.003784295175023652,0.001892147587511826,0.006622516556291391,0.0,0.006622516556291391,0.003784295175023652,0.002838221381267739
Indiana University Indianapolis,2026,IN,,,Restrictive / Compliance-Driven,915,2,2,0,0,0.002185792349726776,0.002185792349726776,0.0,0.0,0.002185792349726776,0.002185792349726776,0.0
University of Nevada Reno,2026,NV,,,Restrictive / Compliance-Driven,1199,8,1,7,0,0.006672226855713094,0.0008340283569641367,0.005838198498748957,0.0,0.006672226855713094,0.005838198498748957,0.0008340283569641367
Georgia State University,2026,,,,Restrictive / Compliance-Driven,2535,8,4,7,0,0.003155818540433925,0.0015779092702169625,0.0027613412228796844,0.0,0.003155818540433925,0.0027613412228796844,0.00039447731755424056
University of North Carolina Greensboro,2026,,,,Innovation-Forward,4538,6,15,13,0,0.0013221683561040105,0.0033054208902600266,0.0028646981048920227,0.0,0.0033054208902600266,0.0028646981048920227,0.00044072278536800387
University of North Carolina Wilmington,2026,,,,Restrictive / Compliance-Driven,2009,12,11,3,0,0.005973120955699353,0.0054753608760577405,0.0014932802389248383,0.0,0.005973120955699353,0.0054753608760577405,0.0004977600796416126
Valparaiso University,2026,,,,Restrictive / Compliance-Driven,665,4,4,0,0,0.006015037593984963,0.006015037593984963,0.0,0.0,0.006015037593984963,0.006015037593984963,0.0
